Workbook

Sheet Dashboard & Tổng quan
B2: CAB SYSTEM – HỆ THỐNG ĐẶT XE TRỰC TUYẾN (MVP 7 TUẦN)
B3: BỘ TÀI LIỆU TEST CASE ĐẶC TẢ NGHIỆP VỤ & KIỂM THỬ CHỨC NĂNG TOÀN DIỆN
B4: Dự án: 23638831_BuiThiDiemMy_cabsystem | Tiêu chuẩn: IEEE 829 / Agile Testing
B6: Mã đồ án / Dự án: | C6: 23638831_BuiThiDiemMy_cabsystem
B7: Tên hệ thống: | C7: CAB System (Nền tảng kết nối hành khách & tài xế)
B8: Mục tiêu thử nghiệm: | C8: Kiểm thử xác nhận toàn bộ quy trình nghiệp vụ TO-BE cốt lõi của MVP 7 tuần
B9: Quy trình nghiệp vụ lõi: | C9: Đặt xe → Tìm tài xế → Phân công → Thực hiện chuyến → Tính cước → Thanh toán → Đánh giá
B10: Các bên liên quan chính: | C10: Khách hàng (Customer), Tài xế (Driver), Nhân viên vận hành (Operations Staff), Quản trị viên (Admin)
B12: BẢNG THỐNG KÊ TEST CASE THEO MODULE & PHÂN HỆ NGHIỆP VỤ
B13: STT | C13: Phân hệ / Module kiểm thử | D13: Tên Sheet tương ứng | E13: Tổng Test Case | F13: High (P0) | G13: Medium (P1) | H13: Low (P2) | I13: Trọng tâm kiểm thử
B14: 1 | C14: Quản lý tài khoản & Xác thực | D14: 1. Account & Auth | E14: =COUNTA('1. Account & Auth'!A5:A100) | F14: =COUNTIF('1. Account & Auth'!H5:H100, "High") | G14: =COUNTIF('1. Account & Auth'!H5:H100, "Medium") | H14: =COUNTIF('1. Account & Auth'!H5:H100, "Low") | I14: Đăng ký, Đăng nhập, Quản lý hồ sơ, Bảo mật mật khẩu
B15: 2 | C15: Tài xế & Quản lý phương tiện | D15: 2. Driver & Vehicle | E15: =COUNTA('2. Driver & Vehicle'!A5:A100) | F15: =COUNTIF('2. Driver & Vehicle'!H5:H100, "High") | G15: =COUNTIF('2. Driver & Vehicle'!H5:H100, "Medium") | H15: =COUNTIF('2. Driver & Vehicle'!H5:H100, "Low") | I15: Trạng thái Online/Offline, Hồ sơ xe, Định vị GPS
B16: 3 | C16: Yêu cầu đặt xe (Ride Booking) | D16: 3. Ride Booking | E16: =COUNTA('3. Ride Booking'!A5:A100) | F16: =COUNTIF('3. Ride Booking'!H5:H100, "High") | G16: =COUNTIF('3. Ride Booking'!H5:H100, "Medium") | H16: =COUNTIF('3. Ride Booking'!H5:H100, "Low") | I16: Nhập điểm đón/đến, Chọn xe 4/7 chỗ, Ước tính cước, Hủy tìm
B17: 4 | C17: Tìm & Phân công tài xế (Matching) | D17: 4. Driver Matching | E17: =COUNTA('4. Driver Matching'!A5:A100) | F17: =COUNTIF('4. Driver Matching'!H5:H100, "High") | G17: =COUNTIF('4. Driver Matching'!H5:H100, "Medium") | H17: =COUNTIF('4. Driver Matching'!H5:H100, "Low") | I17: Thuật toán ưu tiên gần nhất, Nhận/Từ chối cuốc, Timeout, Retry
B18: 5 | C18: Thực hiện chuyến đi (Trip Lifecycle) | D18: 5. Trip Management | E18: =COUNTA('5. Trip Management'!A5:A100) | F18: =COUNTIF('5. Trip Management'!H5:H100, "High") | G18: =COUNTIF('5. Trip Management'!H5:H100, "Medium") | H18: =COUNTIF('5. Trip Management'!H5:H100, "Low") | I18: Máy trạng thái: Assigned -> Arriving -> Arrived -> PickedUp -> Completed
B19: 6 | C19: Tính cước & Thanh toán | D19: 6. Fare & Payment | E19: =COUNTA('6. Fare & Payment'!A5:A100) | F19: =COUNTIF('6. Fare & Payment'!H5:H100, "High") | G19: =COUNTIF('6. Fare & Payment'!H5:H100, "Medium") | H19: =COUNTIF('6. Fare & Payment'!H5:H100, "Low") | I19: Tính tiền cước, Tiền mặt, Cổng thanh toán điện tử, Xử lý lỗi trừ tiền
B20: 7 | C20: Vận hành, Đánh giá & An toàn | D20: 7. Operations & Security | E20: =COUNTA('7. Operations & Security'!A5:A100) | F20: =COUNTIF('7. Operations & Security'!H5:H100, "High") | G20: =COUNTIF('7. Operations & Security'!H5:H100, "Medium") | H20: =COUNTIF('7. Operations & Security'!H5:H100, "Low") | I20: Đánh giá sao, Thông báo push, Điều phối viên xử lý sự cố, Audit Log
B21: TỔNG CỘNG | E21: =SUM(E14:E20) | F21: =SUM(F14:F20) | G21: =SUM(G14:G20) | H21: =SUM(H14:H20) | I21: Bao phủ 100% các Use Case & Business Rules trọng yếu trong MVP 7 tuần
B24: HƯỚNG DẪN THỰC HIỆN KIỂM THỬ VÀ GHI NHẬN LỖI (TEST EXECUTION)
B25: 1. Chuẩn bị môi trường (Pre-requisites): | D25: Đảm bảo database test có sẵn dữ liệu tài khoản khách hàng, tài xế kích hoạt, xe đã duyệt và dịch vụ bản đồ giả lập GPS.
B26: 2. Thứ tự ưu tiên (Priority execution): | D26: Thực hiện toàn bộ các Test Case mức High (P0) trước nhằm xác nhận luồng Happy Path thông suốt từ Đặt xe đến Thanh toán.
B27: 3. Tiêu chí Đạt (Pass Criteria): | D27: Kết quả thực tế (Actual Result) khớp 100% với Kết quả mong đợi (Expected Result) và các Business Rules (BR-01 đến BR-20).
B28: 4. Quản lý Bug phát sinh: | D28: Ghi nhận Bug ID, đính kèm Test Case ID tương ứng, mô tả bước tái hiện (Steps to Reproduce) và log lỗi của API/Client.

Sheet Mô tả các cột
A1: TÀI LIỆU QUY CHUẨN THIẾT KẾ TEST CASE - HỆ THỐNG CAB SYSTEM
A2: Quy định cấu trúc bảng kiểm thử, định dạng các trường dữ liệu và thang đo mức độ ưu tiên (Priority)
A4: Cột | B4: Ý nghĩa | C4: Mô tả chi tiết | D4: Quy chuẩn & Định dạng dữ liệu | E4: Ví dụ minh họa
A5: Test Case ID | B5: Mã định danh duy nhất của Test Case | C5: Dùng để quản lý, tham chiếu chéo với Functional Requirements (FR) và Use Case (UC). | D5: Định dạng: TC-[MODULE]-[STT 3 số] | E5: TC-AUTH-001, TC-BOOK-005, TC-TRIP-002
A6: Test Scenario | B6: Kịch bản kiểm thử tổng quát | C6: Mô tả chức năng hoặc luồng nghiệp vụ tổng quan mà test case đang kiểm chứng. | D6: Văn bản ngắn gọn, phản ánh đúng mục tiêu use case. | E6: Khách hàng đặt xe mới, Xử lý khi tài xế từ chối chuyến
A7: Test Case | B7: Trường hợp kiểm thử chi tiết | C7: Mô tả tình huống cụ thể (Positive / Negative / Boundary / Exception). | D7: Động từ hành động + điều kiện dữ liệu + kết quả kỳ vọng rút gọn. | E7: Đăng nhập thành công với mật khẩu đúng, Nhập điểm đón trùng điểm đến
A8: Preconditions | B8: Điều kiện tiên quyết | C8: Trạng thái hệ thống, dữ liệu nền hoặc quyền hạn người dùng trước khi bắt đầu. | D8: Liệt kê rõ trạng thái tài khoản, số dư, kết nối GPS... | E8: Tài xế đang Online, Khách hàng đã đăng nhập và có tọa độ hợp lệ
A9: Test Steps | B9: Các bước thực hiện kiểm thử | C9: Trình tự thao tác từng bước mà Tester hoặc hệ thống tự động sẽ thực hiện. | D9: Đánh số thứ tự 1., 2., 3. rõ ràng từng thao tác giao diện/API. | E9: 1. Nhập điểm đón 2. Nhập điểm đến 3. Chọn xe 4 chỗ 4. Bấm 'Tìm tài xế'
A10: Test Data | B10: Dữ liệu kiểm thử đầu vào | C10: Các giá trị dữ liệu cụ thể dùng để đưa vào biểu mẫu hoặc tham số gọi API. | D10: Tên trường: Giá trị cụ thể (thực tế, rõ ràng). | E10: Điểm đón: 123 Lê Lợi, Q1 Điểm đến: Sân bay TSN Loại xe: Car 4S
A11: Expected Result | B11: Kết quả mong đợi | C11: Phản ứng chính xác của hệ thống theo đúng Business Rules & Use Case Spec. | D11: Bao gồm thay đổi trạng thái DB, thông báo UI, push notification, log. | E11: Hệ thống tạo chuyến ở trạng thái 'Searching', gửi push thông báo đến tài xế gần nhất
A12: Priority | B12: Mức độ ưu tiên thực hiện | C12: Độ khẩn cấp và tầm ảnh hưởng của test case đến quy trình kinh doanh MVP 7 tuần. | D12: High (Chức năng cốt lõi P0, luồng chính) / Medium (Biên, lỗi ngoại lệ P1) / Low (Giao diện phụ, P2). | E12: High / Medium / Low

Sheet 1. Account & Auth
A1: BẢNG KIỂM THỬ: 1. ACCOUNT & AUTH
A2: Kiểm thử các chức năng Quản lý tài khoản, Đăng ký, Đăng nhập và Xác thực (FR01, FR02, FR12)
A4: Test Case ID | B4: Test Scenario | C4: Test Case | D4: Preconditions | E4: Test Steps | F4: Test Data | G4: Expected Result | H4: Priority
A5: TC-AUTH-001 | B5: Đăng ký tài khoản Khách hàng | C5: Đăng ký thành công với thông tin hợp lệ | D5: Khách hàng chưa có tài khoản trong hệ thống, đang ở màn hình Đăng ký | E5: 1. Mở màn hình Đăng ký 2. Nhập họ tên, số điện thoại, email, mật khẩu hợp lệ 3. Nhấn nút 'Đăng ký' 4. Nhập mã OTP xác thực được gửi đến SĐT | F5: Họ tên: Nguyễn Văn An SĐT: 0912345678 Email: an.nguyen@example.com Mật khẩu: Password@123 OTP: 123456 | G5: Tài khoản được tạo thành công với Role 'Customer', trạng thái Active; hệ thống tự động đăng nhập hoặc chuyển về trang chủ | H5: High
A6: TC-AUTH-002 | B6: Đăng ký tài khoản Khách hàng | C6: Đăng ký với Số điện thoại đã tồn tại | D6: SĐT 0912345678 đã được đăng ký và kích hoạt trước đó | E6: 1. Nhập họ tên hợp lệ 2. Nhập SĐT đã tồn tại 3. Nhập mật khẩu hợp lệ 4. Nhấn nút 'Đăng ký' | F6: Họ tên: Trần Văn Bình SĐT: 0912345678 Mật khẩu: Password@123 | G6: Hệ thống từ chối đăng ký; hiển thị thông báo lỗi 'Số điện thoại này đã được sử dụng' | H6: High
A7: TC-AUTH-003 | B7: Đăng ký tài khoản Khách hàng | C7: Để trống các trường bắt buộc (Họ tên, SĐT, Mật khẩu) | D7: Đang ở màn hình Đăng ký | E7: 1. Để trống toàn bộ hoặc một số trường bắt buộc 2. Nhấn nút 'Đăng ký' | F7: Họ tên: (trống) SĐT: (trống) Mật khẩu: (trống) | G7: Hệ thống ngăn chặn gửi form; hiển thị validation message yêu cầu điền đầy đủ các trường bắt buộc | H7: Medium
A8: TC-AUTH-004 | B8: Đăng ký tài khoản Khách hàng | C8: Đăng ký với mật khẩu yếu không đúng chính sách | D8: Đang ở màn hình Đăng ký | E8: 1. Nhập họ tên, SĐT hợp lệ 2. Nhập mật khẩu không đủ độ dài hoặc thiếu ký tự đặc biệt/số 3. Nhấn 'Đăng ký' | F8: SĐT: 0987654321 Mật khẩu: 123 | G8: Hệ thống hiển thị lỗi yêu cầu mật khẩu tối thiểu 8 ký tự, có chữ hoa, chữ thường và số/ký tự đặc biệt | H8: Medium
A9: TC-AUTH-005 | B9: Đăng ký tài khoản Tài xế | C9: Tài xế đăng ký tài khoản với giấy phép lái xe hợp lệ | D9: Tài xế mới đăng ký trên ứng dụng tài xế hoặc qua cổng vận hành | E9: 1. Nhập thông tin cá nhân tài xế 2. Tải lên ảnh GPLX và CCCD 3. Nhập số GPLX 4. Nhấn 'Nộp hồ sơ' | F9: Tên: Lê Văn Cường SĐT: 0933112233 Số GPLX: B2-7901234567 Ảnh CCCD & GPLX: valid_license.jpg | G9: Tài khoản tài xế được tạo ở trạng thái 'Pending_Approval' (Chờ duyệt bởi Nhân viên vận hành) | H9: High
A10: TC-AUTH-006 | B10: Đăng nhập hệ thống | C10: Đăng nhập thành công với SĐT/Username và Password đúng | D10: Tài khoản khách hàng đã đăng ký và đang ở trạng thái Active | E10: 1. Mở màn hình Đăng nhập 2. Nhập số điện thoại/username 3. Nhập mật khẩu đúng 4. Nhấn 'Đăng nhập' | F10: Username/SĐT: 0912345678 Mật khẩu: Password@123 | G10: Đăng nhập thành công; hệ thống cấp Access Token và chuyển đến màn hình Đặt xe / Bản đồ | H10: High
A11: TC-AUTH-007 | B11: Đăng nhập hệ thống | C11: Đăng nhập với mật khẩu không chính xác | D11: Tài khoản 0912345678 đang hoạt động bình thường | E11: 1. Nhập đúng SĐT 2. Nhập mật khẩu sai 3. Nhấn 'Đăng nhập' | F11: Username: 0912345678 Mật khẩu: WrongPass@999 | G11: Đăng nhập thất bại; hiển thị lỗi 'Thông tin đăng nhập không chính xác'; không cấp token | H11: High
A12: TC-AUTH-008 | B12: Đăng nhập hệ thống | C12: Đăng nhập bằng tài khoản bị khóa (Locked/Suspended) | D12: Tài khoản 0900000001 bị Ban quản trị khóa do vi phạm chính sách | E12: 1. Nhập thông tin đăng nhập của tài khoản bị khóa 2. Nhấn 'Đăng nhập' | F12: Username: 0900000001 Mật khẩu: Password@123 | G12: Đăng nhập thất bại; hiển thị thông báo 'Tài khoản của bạn đã bị khóa, vui lòng liên hệ CSKH' | H12: High
A13: TC-AUTH-009 | B13: Đăng nhập hệ thống | C13: Bảo vệ Brute Force: Khóa tạm thời sau 5 lần nhập sai liên tiếp | D13: Tài khoản hợp lệ đang Active | E13: 1. Nhập đúng SĐT 2. Nhập sai mật khẩu liên tiếp 5 lần | F13: Username: 0912345678 Mật khẩu sai 5 lần | G13: Hệ thống tạm khóa tài khoản hoặc bắt buộc chờ 15 phút / yêu cầu giải captcha trước khi thử lại (BR-18, FR12) | H13: High
A14: TC-AUTH-010 | B14: Đăng nhập hệ thống | C14: Bảo mật: Password được mask và không lộ trong response API | D14: Đang ở màn hình Login / sử dụng API Auth | E14: 1. Nhập mật khẩu vào ô input trên giao diện 2. Kiểm tra hiển thị 3. Kiểm tra payload response từ API /auth/login | F14: Password: Password@123 | G14: Ký tự mật khẩu hiển thị dạng dấu sao (***); response API chỉ trả về token/profile, tuyệt đối không trả về password plaintext hay hash | H14: High
A15: TC-AUTH-011 | B15: Quản lý thông tin cá nhân | C15: Khách hàng cập nhật Họ tên và Email thành công | D15: Khách hàng đã đăng nhập vào hệ thống | E15: 1. Vào mục 'Tài khoản' -> 'Chỉnh sửa hồ sơ' 2. Sửa họ tên và email mới hợp lệ 3. Nhấn 'Lưu thay đổi' | F15: Họ tên mới: Nguyễn Văn An Bình Email mới: anbinh.nguyen@example.com | G15: Thông tin được cập nhật vào CSDL; hệ thống hiển thị thông báo 'Cập nhật thông tin thành công' | H15: Medium
... A17: TC-AUTH-013 | B17: Phân quyền và Xác thực | C17: Truy cập API yêu cầu xác thực khi token đã hết hạn | D17: Phiên đăng nhập đã hết hạn (Access Token expired) | E17: 1. Gửi request lấy thông tin hồ sơ hoặc đặt xe kèm Token cũ | F17: Header: Authorization: Bearer <expired_token> | G17: Hệ thống trả về HTTP 401 Unauthorized; ứng dụng điều hướng người dùng về màn hình Đăng nhập | H17: High

Sheet 2. Driver & Vehicle
A1: BẢNG KIỂM THỬ: 2. DRIVER & VEHICLE
A2: Kiểm thử Quản lý hồ sơ tài xế, Thông tin phương tiện, Trạng thái sẵn sàng và GPS (FR03, FR13)
A4: Test Case ID | B4: Test Scenario | C4: Test Case | D4: Preconditions | E4: Test Steps | F4: Test Data | G4: Expected Result | H4: Priority
A5: TC-DRV-001 | B5: Cập nhật trạng thái Tài xế | C5: Tài xế bật trạng thái 'Sẵn sàng' (Online) để nhận chuyến | D5: Tài xế đã đăng nhập, xe đã được duyệt, GPS đang bật | E5: 1. Mở ứng dụng Tài xế 2. Gạt nút chuyển trạng thái sang 'Trực tuyến' (Online) | F5: Tài xế: DRV001 Trạng thái mong muốn: Online/Available | G5: Hệ thống cập nhật trạng thái tài xế sang 'Available' (BR-03); tài xế xuất hiện trong danh sách có thể nhận cuốc | H5: High
A6: TC-DRV-002 | B6: Cập nhật trạng thái Tài xế | C6: Tài xế tắt trạng thái sẵn sàng sang 'Nghỉ' (Offline) | D6: Tài xế đang ở trạng thái Online và không có chuyến đi dở dang | E6: 1. Gạt nút trạng thái sang 'Ngoại tuyến' (Offline) | F6: Tài xế: DRV001 Trạng thái mong muốn: Offline | G6: Hệ thống chuyển trạng thái tài xế sang Offline; hệ thống ngừng điều phối cuốc mới cho tài xế này (BR-03) | H6: High
A7: TC-DRV-003 | B7: Cập nhật trạng thái Tài xế | C7: Ngăn chặn Online khi tài xế chưa được duyệt hồ sơ phương tiện | D7: Tài xế mới đăng ký, phương tiện đang ở trạng thái 'Pending_Approval' | E7: 1. Tài xế đăng nhập 2. Cố gắng gạt nút 'Trực tuyến' | F7: Tài xế: DRV005 Trạng thái xe: Chưa duyệt | G7: Hệ thống ngăn không cho Online và hiển thị cảnh báo 'Hồ sơ phương tiện của bạn đang chờ phê duyệt' | H7: High
A8: TC-DRV-004 | B8: Quản lý phương tiện | C8: Đăng ký thông tin phương tiện mới (Xe 4 chỗ, 7 chỗ) | D8: Tài xế hoặc nhân viên vận hành thêm phương tiện cho tài xế | E8: 1. Vào mục 'Quản lý phương tiện' 2. Nhập Biển số, Hãng xe, Dòng xe, Màu sắc, Số chỗ 3. Tải ảnh đăng kiểm 4. Nhấn 'Lưu' | F8: Biển số: 51H-987.65 Hãng: Toyota Vios Màu: Trắng Số chỗ: 4 chỗ Loại: Car_4S | G8: Thông tin phương tiện được lưu vào CSDL liên kết với tài xế; chuyển trạng thái chờ duyệt (FR03.2) | H8: High
A9: TC-DRV-005 | B9: Quản lý phương tiện | C9: Kiểm tra trùng lặp biển số xe trong hệ thống | D9: Biển số 51H-987.65 đã tồn tại trong hệ thống | E9: 1. Thêm phương tiện mới 2. Nhập biển số 51H-987.65 3. Nhấn 'Lưu' | F9: Biển số: 51H-987.65 | G9: Hệ thống từ chối lưu và hiển thị thông báo lỗi 'Biển số xe đã được đăng ký bởi tài xế khác' | H9: Medium
A10: TC-DRV-006 | B10: Quản lý vị trí Tài xế | C10: Cập nhật tọa độ GPS tài xế theo thời gian thực (Ping 10s) | D10: Tài xế đang Online trên đường | E10: 1. Thiết bị tài xế tự động gửi bản tin vị trí GPS định kỳ lên hệ thống (FR13.1) | F10: Payload: {driver_id: 'DRV001', lat: 10.7769, lng: 106.7009, timestamp: 1773570000} | G10: Hệ thống cập nhật vị trí mới nhất của tài xế trên bản đồ điều phối; lưu vết phục vụ tính ETA và phân bổ cuốc | H10: High
A11: TC-DRV-007 | B11: Quản lý vị trí Tài xế | C11: Tự động chuyển Offline khi mất tín hiệu GPS quá thời gian quy định | D11: Tài xế đang Online nhưng mất kết nối mạng hoặc tắt GPS quá 3 phút | E11: 1. Thiết bị ngừng gửi ping vị trí GPS quá 180s 2. Hệ thống chạy worker kiểm tra sức khỏe kết nối | F11: Tài xế: DRV001 Không có GPS ping trong 180 giây | G11: Hệ thống tự động chuyển trạng thái tài xế sang 'Inactive/Offline' để tránh điều phối chuyến không khả dụng | H11: Medium

Sheet 3. Ride Booking
A1: BẢNG KIỂM THỬ: 3. RIDE BOOKING
A2: Kiểm thử Đặt xe, Chọn loại xe, Tính cước dự kiến, Hủy yêu cầu đặt xe (FR04, FR13)
A4: Test Case ID | B4: Test Scenario | C4: Test Case | D4: Preconditions | E4: Test Steps | F4: Test Data | G4: Expected Result | H4: Priority
A5: TC-BOOK-001 | B5: Tạo yêu cầu đặt xe | C5: Đặt xe thành công với điểm đón, điểm đến và loại xe hợp lệ | D5: Khách hàng đã đăng nhập, có số dư/tiền mặt, đang ở màn hình Đặt xe (FR04) | E5: 1. Nhập điểm đón (hoặc định vị vị trí hiện tại) 2. Nhập điểm đến hợp lệ 3. Chọn loại xe 'Car 4 Chỗ' 4. Xem giá cước ước tính 5. Nhấn nút 'Đặt xe' | F5: Điểm đón: Bitexco Tower, Q1 (10.7716, 106.7044) Điểm đến: Sân bay Tân Sơn Nhất (10.8185, 106.6588) Loại xe: Car_4S | G5: Yêu cầu được tạo thành công; hệ thống tạo chuyến đi với trạng thái 'Searching' (Đang tìm tài xế); hiển thị màn hình radar tìm kiếm | H5: High
A6: TC-BOOK-002 | B6: Tạo yêu cầu đặt xe | C6: Chọn các loại xe khác nhau (Car 4 chỗ, Car 7 chỗ) | D6: Khách hàng đã chọn điểm đón và điểm đến | E6: 1. Chuyển đổi giữa các tùy chọn: Xe 4 chỗ và Xe 7 chỗ 2. Quan sát cước ước tính và thời gian đón dự kiến tương ứng | F6: Tùy chọn: Car_4S (ước tính 120.000đ) vs Car_7S (ước tính 160.000đ) | G6: Hệ thống cập nhật đúng giá tiền ước tính và icon phương tiện theo từng loại xe được chọn | H6: High
A7: TC-BOOK-003 | B7: Validation Đặt xe | C7: Điểm đón và Điểm đến trùng nhau | D7: Đang ở màn hình nhập địa chỉ | E7: 1. Chọn điểm đón: 123 Lê Lợi, Q1 2. Chọn điểm đến: 123 Lê Lợi, Q1 3. Nhấn 'Tiếp tục' | F7: Điểm đón = Điểm đến = 123 Lê Lợi, Q1 | G7: Hệ thống cảnh báo lỗi: 'Điểm đến không được trùng với điểm đón'; nút Đặt xe bị vô hiệu hóa | H7: Medium
A8: TC-BOOK-004 | B8: Validation Đặt xe | C8: Để trống điểm đón hoặc điểm đến | D8: Đang ở màn hình đặt xe | E8: 1. Chỉ nhập điểm đón, bỏ trống điểm đến 2. Cố gắng bấm nút 'Đặt xe' | F8: Điểm đón: Chợ Bến Thành Điểm đến: (trống) | G8: Hệ thống không cho phép đặt xe; hiển thị tooltip 'Vui lòng nhập điểm đến' | H8: Medium
A9: TC-BOOK-005 | B9: Validation Đặt xe | C9: Đặt xe ngoài phạm vi phục vụ của hệ thống | D9: Khách hàng chọn vị trí cách xa trung tâm ngoài bán kính vận hành | E9: 1. Nhập điểm đón hoặc điểm đến cách xa thành phố (ví dụ: tỉnh khác ngoài vùng hỗ trợ) | F9: Điểm đón: TP.HCM Điểm đến: Hà Nội (khoảng cách > 1000km) | G9: Hệ thống cảnh báo 'Khoảng cách vượt quá phạm vi phục vụ cho phép của dịch vụ CAB System' | H9: Low
A10: TC-BOOK-006 | B10: Hủy yêu cầu đặt xe | C10: Khách hàng hủy chuyến khi hệ thống đang tìm tài xế ('Searching') | D10: Chuyến đi đang ở trạng thái 'Searching', chưa có tài xế nào nhận chuyến | E10: 1. Khách hàng nhấn nút 'Hủy tìm kiếm' trên màn hình radar 2. Chọn lý do hủy (Đổi ý, đặt nhầm...) 3. Xác nhận hủy | F10: Mã chuyến: TRIP001 Trạng thái hiện tại: Searching | G10: Hệ thống hủy yêu cầu ngay lập tức; trạng thái chuyến chuyển sang 'Cancelled'; không phát sinh phí hủy (FR04.4) | H10: High
A11: TC-BOOK-007 | B11: Theo dõi yêu cầu đặt xe | C11: Giao diện cập nhật thời gian thực khi trạng thái chuyến thay đổi | D11: Khách hàng vừa gửi yêu cầu đặt xe | E11: 1. Giữ màn hình ứng dụng mở trong quá trình hệ thống tìm kiếm và tài xế nhận cuốc | F11: Mã chuyến: TRIP001 | G11: Màn hình tự động chuyển từ 'Đang tìm tài xế' sang 'Đã có tài xế nhận' kèm thông tin tài xế, biển số xe và ETA mà không cần tải lại trang | H11: High

Sheet 4. Driver Matching
A1: BẢNG KIỂM THỬ: 4. DRIVER MATCHING
A2: Kiểm thử Tìm và phân công tài xế, Ưu tiên tài xế gần, Xử lý từ chối/timeout (FR05, BR-03 đến BR-08)
A4: Test Case ID | B4: Test Scenario | C4: Test Case | D4: Preconditions | E4: Test Steps | F4: Test Data | G4: Expected Result | H4: Priority
A5: TC-MATCH-001 | B5: Tìm và phân công tài xế | C5: Hệ thống tự động tìm và gửi chuyến cho tài xế gần nhất đang Online | D5: Có yêu cầu đặt xe mới tại Q1; Tài xế A (cách 500m, Online, Car_4S), Tài xế B (cách 2km, Online, Car_4S) | E5: 1. Khách hàng bấm Đặt xe Car_4S tại vị trí Q1 2. Hệ thống quét bán kính và áp dụng thuật toán ưu tiên (BR-04, BR-05) | F5: Vị trí khách: Bitexco Q1 Driver A: cách 500m Driver B: cách 2km | G5: Hệ thống ưu tiên chọn Tài xế A gần nhất và gửi màn hình nhận cuốc (Dispatch alert) cho Tài xế A đầu tiên | H5: High
A6: TC-MATCH-002 | B6: Tìm và phân công tài xế | C6: Tài xế chấp nhận cuốc xe trong thời gian quy định | D6: Hệ thống vừa gửi yêu cầu cuốc xe đến điện thoại Tài xế A; đồng hồ đếm ngược 15 giây đang chạy | E6: 1. Tài xế nhấn nút 'Nhận chuyến' (Accept) trong vòng 10 giây | F6: Chuyến: TRIP002 Tài xế: DRV001 Thời gian phản hồi: 8s | G6: Chuyến xe chuyển từ 'Searching' sang 'Assigned'; gán Driver_id = DRV001; trạng thái tài xế chuyển sang 'Busy'; thông báo cho khách hàng (BR-06) | H6: High
A7: TC-MATCH-003 | B7: Xử lý từ chối chuyến | C7: Tài xế từ chối cuốc xe (Reject) -> Hệ thống tự động chuyển cho tài xế kế tiếp | D7: Tài xế A (gần nhất) nhận được cuốc; Tài xế B (gần thứ nhì) cũng đang Online và phù hợp | E7: 1. Tài xế A nhấn nút 'Từ chối' (Reject) 2. Hệ thống ghi nhận từ chối và tìm tài xế tiếp theo (BR-06, FR05.5) | F7: Chuyến: TRIP002 Tài xế A: Reject | G7: Hệ thống ngay lập tức chuyển yêu cầu chuyến sang Tài xế B; màn hình của khách hàng vẫn hiển thị đang tìm kiếm; Tài xế A không bị gửi lại cùng cuốc này | H7: High
A8: TC-MATCH-004 | B8: Xử lý tài xế không phản hồi | C8: Tài xế hết thời gian phản hồi (Timeout 15s) -> Tự động chuyển tài xế khác | D8: Tài xế A nhận được chuông báo cuốc xe nhưng không bấm nhận hay từ chối | E8: 1. Đợi hết 15 giây đếm ngược 2. Hệ thống kiểm tra timeout (BR-07, FR05.4) | F8: Thời gian chờ: 15s Hành động tài xế: Không thao tác | G8: Hệ thống tự động thu hồi cuốc từ Tài xế A; chuyển cuốc sang Tài xế B phù hợp kế tiếp; ghi nhận 1 lần miss trip của Tài xế A | H8: High
A9: TC-MATCH-005 | B9: Xử lý không tìm được tài xế | C9: Hết số lượt tìm kiếm / Không có tài xế nào trong bán kính quy định | D9: Tất cả tài xế trong khu vực đều Offline hoặc đã từ chối/hết timeout sau 3 vòng quét | E9: 1. Hệ thống thực hiện quét tìm kiếm theo cấu hình vòng lặp 2. Không có tài xế nào nhận chuyến (BR-08, FR05.6) | F9: Bán kính: 5km Số tài xế khả dụng: 0 | G9: Hệ thống dừng tìm kiếm; chuyển trạng thái chuyến sang 'No_Driver_Found'; hiển thị thông báo rõ ràng cho khách: 'Rất tiếc hiện chưa có tài xế nào gần bạn, vui lòng thử lại sau' | H9: High
A10: TC-MATCH-006 | B10: Điều kiện lọc tài xế | C10: Chỉ chọn tài xế có loại xe phù hợp với yêu cầu đặt xe | D10: Khách hàng đặt xe 'Car 7 Chỗ'; quanh điểm đón có Tài xế X (Car 4 chỗ, cách 300m) và Tài xế Y (Car 7 chỗ, cách 1.5km) | E10: 1. Khách hàng gửi yêu cầu Car_7S 2. Hệ thống lọc danh sách tài xế phù hợp (BR-04) | F10: Yêu cầu: Car_7S | G10: Hệ thống bỏ qua Tài xế X (do sai loại xe) và gửi yêu cầu chuyến trực tiếp cho Tài xế Y (xe 7 chỗ) | H10: High
A11: TC-MATCH-007 | B11: Điều kiện lọc tài xế | C11: Không điều phối cuốc mới cho tài xế đang thực hiện chuyến khác ('Busy') | D11: Tài xế C đang chở khách (trạng thái 'InProgress') | E11: 1. Có cuốc xe mới cách vị trí hiện tại của Tài xế C chỉ 100m 2. Hệ thống quét tìm tài xế | F11: Tài xế C: Trạng thái = InProgress / Busy | G11: Hệ thống không gửi yêu cầu cho Tài xế C; tuân thủ quy tắc BR-03 (Chỉ tài xế đang ở trạng thái Sẵn sàng mới được nhận chuyến) | H11: High

Sheet 5. Trip Management
A1: BẢNG KIỂM THỬ: 5. TRIP MANAGEMENT
A2: Kiểm thử Quy trình thực hiện chuyến đi theo máy trạng thái (Assigned -> Arriving -> Arrived -> PickedUp -> InProgress -> Completed) (FR06)
A4: Test Case ID | B4: Test Scenario | C4: Test Case | D4: Preconditions | E4: Test Steps | F4: Test Data | G4: Expected Result | H4: Priority
A5: TC-TRIP-001 | B5: Vòng đời chuyến đi | C5: Tài xế di chuyển đến điểm đón (Assigned -> Arriving) | D5: Tài xế vừa bấm nhận chuyến (Trạng thái: Assigned) | E5: 1. Tài xế xem đường đi trên bản đồ và bắt đầu di chuyển 2. Trạng thái tự động hoặc tài xế nhấn 'Đang đến điểm đón' | F5: Mã chuyến: TRIP101 Trạng thái mới: Arriving | G5: Trạng thái chuyển sang 'Arriving'; Khách hàng nhận thông báo kèm ETA dự kiến tài xế đến | H5: High
A6: TC-TRIP-002 | B6: Vòng đời chuyến đi | C6: Tài xế đến điểm đón (Arriving -> Arrived) | D6: Tài xế đã đến đúng tọa độ điểm đón của khách hàng | E6: 1. Tài xế nhấn nút 'Đã đến điểm đón' (Arrived) trên ứng dụng | F6: Mã chuyến: TRIP101 Trạng thái mới: Arrived | G6: Hệ thống cập nhật trạng thái 'Arrived'; gửi ngay thông báo Notification cho khách hàng: 'Tài xế đã đến điểm đón, vui lòng ra xe' | H6: High
A7: TC-TRIP-003 | B7: Vòng đời chuyến đi | C7: Tài xế đón khách thành công (Arrived -> PickedUp) | D7: Khách hàng đã lên xe của tài xế | E7: 1. Tài xế xác nhận khách đã lên xe 2. Nhấn nút 'Đã đón khách' (PickedUp) | F7: Mã chuyến: TRIP101 Trạng thái mới: PickedUp | G7: Hệ thống cập nhật trạng thái sang 'PickedUp'; chuẩn bị lộ trình di chuyển đến điểm đến | H7: High
A8: TC-TRIP-004 | B8: Vòng đời chuyến đi | C8: Bắt đầu di chuyển đến điểm đến (PickedUp -> InProgress) | D8: Khách đã ngồi trên xe và thắt dây an toàn | E8: 1. Tài xế nhấn nút 'Bắt đầu chuyến đi' (Start Trip) | F8: Mã chuyến: TRIP101 Trạng thái mới: InProgress | G8: Hệ thống chuyển trạng thái sang 'InProgress' (Đang di chuyển); đồng hồ tính quãng đường/thời gian thực bắt đầu kích hoạt; khách hàng theo dõi trực tiếp đường đi trên bản đồ (FR06.2) | H8: High
A9: TC-TRIP-005 | B9: Vòng đời chuyến đi | C9: Tài xế hoàn thành chuyến xe tại điểm đến (InProgress -> Completed) | D9: Tài xế đã đưa khách đến đúng điểm trả khách | E9: 1. Xe dừng tại điểm đến 2. Tài xế nhấn nút 'Hoàn thành chuyến đi' (Complete Trip) | F9: Mã chuyến: TRIP101 Trạng thái mới: Completed | G9: Hệ thống cập nhật trạng thái sang 'Completed'; kích hoạt quy trình Tính cước (UC06) và chuyển sang màn hình Thanh toán (UC07) | H9: High
A10: TC-TRIP-006 | B10: Kiểm tra tính toàn vẹn trạng thái | C10: Ngăn chặn cập nhật nhảy cóc trạng thái (State Diagram Validation) | D10: Chuyến đi đang ở trạng thái 'Assigned' | E10: 1. Gửi request API cố tình cập nhật thẳng từ 'Assigned' lên 'Completed' (bỏ qua Arrived, InProgress) | F10: Mã chuyến: TRIP101 Trạng thái hiện tại: Assigned Trạng thái gửi lên: Completed | G10: Hệ thống từ chối cập nhật; trả về mã lỗi 400 Bad Request 'Trạng thái chuyển đổi không hợp lệ' theo đúng quy tắc BR-10 | H10: High
A11: TC-TRIP-007 | B11: Hủy chuyến sau khi phân công | C11: Khách hàng hủy chuyến sau khi tài xế đã nhận chuyến (Assigned) | D11: Tài xế đang di chuyển đến đón khách (Assigned hoặc Arriving) | E11: 1. Khách hàng nhấn 'Hủy chuyến' 2. Nhập lý do hủy 3. Xác nhận hủy | F11: Mã chuyến: TRIP102 Lý do: 'Tôi có việc đột xuất' | G11: Hệ thống chuyển trạng thái chuyến sang 'Cancelled'; gửi thông báo hủy cho tài xế; chuyển trạng thái tài xế về 'Available' để nhận cuốc khác | H11: High
A12: TC-TRIP-008 | B12: Hủy chuyến bởi Tài xế | C12: Tài xế hủy chuyến sau khi chờ khách quá 10 phút tại điểm đón | D12: Chuyến đang ở trạng thái 'Arrived', tài xế đã đợi tại điểm đón quá 10 phút và không liên lạc được với khách | E12: 1. Tài xế chọn 'Hủy chuyến' 2. Chọn lý do: 'Không liên lạc được với hành khách' 3. Xác nhận hủy | F12: Mã chuyến: TRIP103 Thời gian đợi: 12 phút | G12: Hệ thống ghi nhận hủy chuyến hợp lệ; lưu lý do vào hệ thống phục vụ CSKH; tài xế quay lại trạng thái Available | H12: Medium
A13: TC-TRIP-009 | B13: Theo dõi chuyến đi thời gian thực | C13: Khách hàng xem vị trí xe tài xế di chuyển trên bản đồ liên tục | D13: Chuyến đi đang ở trạng thái Arriving hoặc InProgress | E13: 1. Khách hàng mở ứng dụng quan sát bản đồ | F13: GPS tọa độ xe được update mỗi 5-10s | G13: Biểu tượng xe của tài xế di chuyển mượt mà trên bản đồ theo đúng cung đường thực tế | H13: Medium

Sheet 6. Fare & Payment
A1: BẢNG KIỂM THỬ: 6. FARE & PAYMENT
A2: Kiểm thử Tính cước sau chuyến, Thanh toán tiền mặt, Thanh toán điện tử và Bảo mật thẻ (FR07, BR-11 đến BR-14)
A4: Test Case ID | B4: Test Scenario | C4: Test Case | D4: Preconditions | E4: Test Steps | F4: Test Data | G4: Expected Result | H4: Priority
A5: TC-PAY-001 | B5: Tính cước chuyến đi | C5: Hệ thống tự động tính cước chính xác khi chuyến hoàn thành | D5: Chuyến đi xe 4 chỗ vừa hoàn thành; quãng đường thực tế 10km, thời gian di chuyển 25 phút | E5: 1. Tài xế nhấn 'Hoàn thành chuyến đi' 2. Hệ thống kích hoạt module tính cước tự động (FR07.1, BR-11) | F5: Loại xe: Car_4S Quãng đường: 10.0 km Thời gian: 25 phút Đơn giá: Cước mở cửa 12.000đ + 13.000đ/km tiếp theo | G5: Hệ thống tính đúng số tiền cước (ví dụ: 129.000đ); lưu vào bảng chuyến đi; hiển thị hóa đơn chi tiết cho tài xế và khách | H5: High
A6: TC-PAY-002 | B6: Thanh toán bằng Tiền mặt | C6: Thực hiện thanh toán tiền mặt thành công (Cash) | D6: Chuyến đi đã hoàn thành; khách hàng chọn phương thức 'Tiền mặt' lúc đặt xe | E6: 1. Màn hình tài xế hiển thị số tiền mặt cần thu từ khách 2. Khách đưa tiền mặt cho tài xế 3. Tài xế nhấn nút 'Đã thu đủ tiền mặt' (Confirm Cash Collected) | F6: Mã chuyến: TRIP201 Số tiền: 129.000đ Phương thức: Cash | G6: Hệ thống cập nhật trạng thái thanh toán = 'Paid_Cash'; trạng thái chuyến = 'Finished'; lưu giao dịch vào lịch sử (BR-12) | H6: High
A7: TC-PAY-003 | B7: Thanh toán Điện tử | C7: Thanh toán thành công qua Cổng thanh toán (Payment Provider) | D7: Khách hàng đã liên kết thẻ tín dụng/ví điện tử hợp lệ và có đủ số dư | E7: 1. Chuyến hoàn thành 2. Hệ thống gửi yêu cầu trừ tiền đến Payment Provider (FR07.3) 3. Cổng thanh toán xử lý và trả kết quả thành công | F7: Mã chuyến: TRIP202 Số tiền: 150.000đ Phương thức: E-Wallet/Credit Card | G7: Payment Provider trả mã giao dịch thành công (Transaction_ID); hệ thống cập nhật 'Payment_Success'; gửi hóa đơn điện tử cho khách hàng | H7: High
A8: TC-PAY-004 | B8: Xử lý Thanh toán Điện tử thất bại | C8: Tài khoản khách không đủ số dư / Thẻ hết hạn | D8: Chuyến đi hoàn thành; số dư ví điện tử của khách nhỏ hơn tiền cước | E8: 1. Hệ thống gửi request thanh toán sang Payment Provider 2. Provider trả về lỗi 'Insufficient Balance' (BR-14, FR07.4) | F8: Mã chuyến: TRIP203 Số tiền: 200.000đ Số dư ví: 50.000đ | G8: Hệ thống cập nhật 'Payment_Failed'; hiển thị thông báo lỗi cho khách; cho phép khách thử lại thẻ khác hoặc chuyển sang thanh toán Tiền mặt | H8: High
A9: TC-PAY-005 | B9: Xử lý Timeout / Mất kết nối Cổng thanh toán | C9: Payment Provider không phản hồi sau 30 giây | D9: Chuyến đi hoàn thành; cổng thanh toán gặp sự cố kỹ thuật hoặc timeout | E9: 1. Hệ thống gửi lệnh trừ tiền sang Payment Gateway 2. Đợi quá 30 giây không nhận được callback response | F9: Timeout: 30s Gateway Status: No Response | G9: Hệ thống không đánh dấu thanh toán thất bại vội; chuyển trạng thái giao dịch sang 'Pending_Verification'; không trừ tiền 2 lần; kích hoạt cơ chế kiểm tra lại đối soát (BR-20, BR-29) | H9: High
A10: TC-PAY-006 | B10: Bảo mật dữ liệu thanh toán | C10: Tuân thủ BR-13: Không lưu trực tiếp CVV/Số thẻ đầy đủ | D10: Khách hàng nhập thông tin thẻ thanh toán quốc tế (Visa/Mastercard) | E10: 1. Nhập số thẻ, ngày hết hạn, mã CVV 2. Kiểm tra dữ liệu được lưu trong CSDL của CAB System | F10: Số thẻ: 4111 1111 1111 1234 CVV: 999 | G10: CSDL hệ thống chỉ lưu Token được mã hóa từ Payment Gateway và 4 số cuối (Masked: ****1234); tuyệt đối không lưu mã bí mật CVV/CVC theo chuẩn bảo mật PCI-DSS | H10: High
A11: TC-PAY-007 | B11: Xem lịch sử chuyến và tiền cước | C11: Khách hàng tra cứu lịch sử các chuyến đã thanh toán | D11: Khách hàng đã hoàn thành và thanh toán nhiều chuyến đi trước đó | E11: 1. Vào mục 'Lịch sử chuyến đi' 2. Chọn xem chi tiết một chuyến đi cụ thể | F11: Chuyến: TRIP201 | G11: Hiển thị đầy đủ thông tin: ngày giờ, lộ trình từ - đến, tên tài xế, biển số, chi tiết giá cước và phương thức thanh toán đã dùng (FR02.2) | H11: Medium

Sheet 7. Operations & Security
A1: BẢNG KIỂM THỬ: 7. OPERATIONS & SECURITY
A2: Kiểm thử Đánh giá, Thông báo, Giám sát vận hành, Xử lý sự cố, Báo cáo và Audit Log (FR08, FR09, FR10, FR11, FR12)
A4: Test Case ID | B4: Test Scenario | C4: Test Case | D4: Preconditions | E4: Test Steps | F4: Test Data | G4: Expected Result | H4: Priority
A5: TC-OPS-001 | B5: Đánh giá chất lượng dịch vụ | C5: Khách hàng đánh giá sao và gửi nhận xét tài xế sau chuyến đi | D5: Chuyến đi đã hoàn thành và thanh toán thành công (FR09.1, BR-16) | E5: 1. Màn hình đánh giá hiển thị sau thanh toán 2. Khách chọn số sao (1-5 sao) 3. Chọn các tag (Tài xế thân thiện, xe sạch sẽ) 4. Nhấn 'Gửi đánh giá' | F5: Mã chuyến: TRIP301 Đánh giá: 5 sao Nhận xét: 'Tài xế lịch sự, lái xe cẩn thận' | G5: Đánh giá được lưu vào CSDL; cập nhật điểm rating trung bình của tài xế; không cho phép đánh giá lại cùng 1 chuyến | H5: Medium
A6: TC-OPS-002 | B6: Đánh giá chất lượng dịch vụ | C6: Khách hàng bỏ qua đánh giá tài xế | D6: Màn hình đánh giá hiển thị sau chuyến đi | E6: 1. Khách hàng nhấn nút 'Bỏ qua' hoặc icon dấu X góc trên | F6: Hành động: Bỏ qua | G6: Ứng dụng đóng màn hình đánh giá và quay về màn hình chính bình thường mà không báo lỗi | H6: Low
A7: TC-OPS-003 | B7: Hệ thống Thông báo | C7: Gửi Push Notification theo thời gian thực cho các sự kiện chuyến đi | D7: Hệ thống tích hợp Notification Provider (FR08) | E7: 1. Khách đặt xe -> Tài xế nhận cuốc -> Tài xế đến điểm đón -> Chuyến hoàn thành | F7: Sự kiện: Driver Assigned, Arrived, Finished | G7: Khách hàng và tài xế nhận đúng các tin nhắn thông báo đẩy (Push notification) tương ứng trên thanh thông báo thiết bị | H7: High
A8: TC-OPS-004 | B8: Giám sát vận hành | C8: Nhân viên vận hành (Operations Staff) xem danh sách các chuyến đang diễn ra | D8: Nhân viên vận hành đăng nhập vào trang Quản trị (FR10.4) | E8: 1. Truy cập menu 'Giám sát chuyến đi' (Active Trips) 2. Kiểm tra danh sách hiển thị | F8: Tài khoản: operator01 (Role: Operations_Staff) | G8: Hiển thị đầy đủ danh sách các chuyến đang ở trạng thái Searching, Assigned, Arrived, InProgress kèm mã chuyến, tên khách, tên tài xế, vị trí | H8: High
A9: TC-OPS-005 | B9: Xử lý sự cố vận hành | C9: Nhân viên vận hành hỗ trợ hủy cuốc xe gặp sự cố đặc biệt | D9: Có chuyến đi bị treo trạng thái do tài xế hỏng xe đột xuất trên đường (FR10.5) | E9: 1. Nhân viên vận hành mở chi tiết chuyến đi bị lỗi 2. Chọn chức năng 'Hỗ trợ hủy chuyến khẩn cấp' 3. Nhập lý do xử lý sự cố 4. Xác nhận | F9: Mã chuyến: TRIP999 Lý do: 'Tài xế gặp tai nạn hỏng xe giữa đường' | G9: Hệ thống cập nhật trạng thái chuyến sang Cancelled_By_Operator; giải phóng tài khoản khách để đặt lại xe; lưu vết người thực hiện vào Audit Log | H9: High
A10: TC-OPS-006 | B10: Quản lý hồ sơ tài xế & xe | C10: Nhân viên vận hành duyệt hồ sơ đăng ký phương tiện của tài xế | D10: Tài xế DRV005 có phương tiện đang ở trạng thái 'Pending_Approval' | E10: 1. Nhân viên vận hành vào menu 'Duyệt phương tiện' 2. Kiểm tra ảnh giấy tờ đăng ký, đăng kiểm 3. Nhấn 'Phê duyệt' | F10: Tài xế: DRV005 Biển số: 51H-987.65 | G10: Phương tiện chuyển trạng thái sang 'Approved'; tài xế DRV005 được phép kích hoạt trạng thái Online để nhận chuyến | H10: High
A11: TC-OPS-007 | B11: Phân quyền người dùng (RBAC) | C11: Kiểm soát phân quyền chặt chẽ giữa Khách hàng, Tài xế, Operator, Admin | D11: Hệ thống có 4 vai trò người dùng (FR12.1, BR-02) | E11: 1. Đăng nhập tài khoản Customer -> Cố gắng truy cập URL /admin/dashboard 2. Đăng nhập Operator -> Cố gắng truy cập chức năng cấu hình hệ thống /admin/settings | F11: Role: Customer vs Operations_Staff vs Admin | G11: Hệ thống từ chối truy cập và trả về lỗi HTTP 403 Forbidden; người dùng chỉ được thực hiện các chức năng đúng thẩm quyền | H11: High
A12: TC-OPS-008 | B12: Nhật ký hệ thống (Audit Log) | C12: Lưu vết tự động các thao tác quản trị và thay đổi quan trọng | D12: Nhân viên vận hành thực hiện thao tác nhạy cảm (khóa tài khoản, hủy cuốc, sửa cước) | E12: 1. Operator thực hiện khóa tài khoản tài xế vi phạm 2. Kiểm tra bảng dữ liệu Audit Log (FR12.3, BR-19) | F12: Thao tác: Lock_User User bị khóa: DRV002 | G12: Hệ thống ghi nhận đầy đủ bản ghi: Mã nhân viên thực hiện, thời gian (timestamp), IP, hành động, dữ liệu trước và sau khi thay đổi | H12: High
A13: TC-OPS-009 | B13: Báo cáo quản trị cơ bản | C13: Xem báo cáo tổng hợp số chuyến đi, doanh thu và tỷ lệ hoàn thành | D13: Nhân viên vận hành hoặc Quản trị viên truy cập mục Báo cáo (FR11, BR-11) | E13: 1. Vào menu 'Báo cáo hoạt động' 2. Chọn khoảng thời gian: 'Hôm nay' hoặc 'Tuần này' 3. Nhấn 'Xem báo cáo' | F13: Khoảng thời gian: 7 ngày gần nhất | G13: Hệ thống hiển thị chính xác các chỉ số: Tổng số chuyến tạo, số chuyến hoàn thành, số chuyến hủy, tổng doanh thu và tỷ lệ hoàn thành | H13: Medium
